location,state_abbreviation,state_spelled_out,region,date,item,value,inflation_adjustment,value_inflation_adjusted,date_updated,max_date,latest_value_raw,latest_value_adjusted,min_date,oldest_value_raw,oldest_value_adjusted,p_change_oldest_newest_raw,p_change_oldest_newest_adjusted,compare_2020_value_raw,compare_2020_value_adjusted,p_change_2020_newest_adjusted,data_complete
Akron,OH,Ohio,Midwest,2026-08-05,All Food At Home,303.65,1,303.65,2026-09-24,2026-08-01,303.65,303.65,2016-01-01,230.695,322.97,31.62400572184052,-6,235.377,301.28,0.8,True
Albany-Schenectady-Troy,NY,New York,Northeast,2026-08-05,All Food At Home,325.097,1,325.1,2026-09-24,2026-08-01,325.097,325.1,2016-01-01,249.096,346.24,30.510726788065632,-6.1,260.725,331.12,-1.8,True
Albuquerque,NM,New Mexico,West,2026-08-05,All Food At Home,339.354,1,339.35,2026-09-24,2026-08-01,339.354,339.35,2016-01-01,249.584,361.9,35.96785050323738,-6.2,263.024,336.67,0.8,True
Allentown-Bethlehem-Easton,PA,Pennsylvania,Northeast,2026-08-05,All Food At Home,325.097,1,325.1,2026-09-24,2026-08-01,325.097,325.1,2016-01-01,249.096,346.24,30.510726788065632,-6.1,260.725,331.12,-1.8,True
Atlanta-Sandy Springs-Roswell,GA,Georgia,South,2026-08-05,All Food At Home,317.838,1,317.84,2026-09-24,2026-08-01,317.838,317.84,2016-01-01,239.421,337.58,32.75276604809103,-5.8,249.764,319.7,-0.6,True
Augusta-Richmond County,GA,Georgia,South,2026-08-05,All Food At Home,317.838,1,317.84,2026-09-24,2026-08-01,317.838,317.84,2016-01-01,239.421,337.58,32.75276604809103,-5.8,249.764,319.7,-0.6,True
Austin-Round Rock-San Marcos,TX,Texas,South,2026-08-05,All Food At Home,317.838,1,317.84,2026-09-24,2026-08-01,317.838,317.84,2016-01-01,239.421,337.58,32.75276604809103,-5.8,249.764,319.7,-0.6,True
Bakersfield-Delano,CA,California,West,2026-08-05,All Food At Home,339.354,1,339.35,2026-09-24,2026-08-01,339.354,339.35,2016-01-01,249.584,361.9,35.96785050323738,-6.2,263.024,336.67,0.8,True
Baltimore-Columbia-Towson,MD,Maryland,South,2026-08-05,All Food At Home,317.838,1,317.84,2026-09-24,2026-08-01,317.838,317.84,2016-01-01,239.421,337.58,32.75276604809103,-5.8,249.764,319.7,-0.6,True
Baton Rouge,LA,Louisiana,South,2026-08-05,All Food At Home,317.838,1,317.84,2026-09-24,2026-08-01,317.838,317.84,2016-01-01,239.421,337.58,32.75276604809103,-5.8,249.764,319.7,-0.6,True
Birmingham,AL,Alabama,South,2026-08-05,All Food At Home,317.838,1,317.84,2026-09-24,2026-08-01,317.838,317.84,2016-01-01,239.421,337.58,32.75276604809103,-5.8,249.764,319.7,-0.6,True
Boise City,ID,Idaho,West,2026-08-05,All Food At Home,339.354,1,339.35,2026-09-24,2026-08-01,339.354,339.35,2016-01-01,249.584,361.9,35.96785050323738,-6.2,263.024,336.67,0.8,True
Boston-Cambridge-Newton,MA,Massachusetts,Northeast,2026-08-05,All Food At Home,325.097,1,325.1,2026-09-24,2026-08-01,325.097,325.1,2016-01-01,249.096,346.24,30.510726788065632,-6.1,260.725,331.12,-1.8,True
Bridgeport-Stamford-Danbury,CT,Connecticut,Northeast,2026-08-05,All Food At Home,325.097,1,325.1,2026-09-24,2026-08-01,325.097,325.1,2016-01-01,249.096,346.24,30.510726788065632,-6.1,260.725,331.12,-1.8,True
Buffalo-Cheektowaga,NY,New York,Northeast,2026-08-05,All Food At Home,325.097,1,325.1,2026-09-24,2026-08-01,325.097,325.1,2016-01-01,249.096,346.24,30.510726788065632,-6.1,260.725,331.12,-1.8,True
Cape Coral-Fort Myers,FL,Florida,South,2026-08-05,All Food At Home,317.838,1,317.84,2026-09-24,2026-08-01,317.838,317.84,2016-01-01,239.421,337.58,32.75276604809103,-5.8,249.764,319.7,-0.6,True
Charleston-North Charleston,SC,South Carolina,South,2026-08-05,All Food At Home,317.838,1,317.84,2026-09-24,2026-08-01,317.838,317.84,2016-01-01,239.421,337.58,32.75276604809103,-5.8,249.764,319.7,-0.6,True
Charlotte-Concord-Gastonia,NC,North Carolina,South,2026-08-05,All Food At Home,317.838,1,317.84,2026-09-24,2026-08-01,317.838,317.84,2016-01-01,239.421,337.58,32.75276604809103,-5.8,249.764,319.7,-0.6,True
Chattanooga,TN,Tennessee,South,2026-08-05,All Food At Home,317.838,1,317.84,2026-09-24,2026-08-01,317.838,317.84,2016-01-01,239.421,337.58,32.75276604809103,-5.8,249.764,319.7,-0.6,True
Chicago-Naperville-Elgin,IL,Illinois,Midwest,2026-08-05,All Food At Home,303.65,1,303.65,2026-09-24,2026-08-01,303.65,303.65,2016-01-01,230.695,322.97,31.62400572184052,-6,235.377,301.28,0.8,True
Cincinnati,OH,Ohio,Midwest,2026-08-05,All Food At Home,303.65,1,303.65,2026-09-24,2026-08-01,303.65,303.65,2016-01-01,230.695,322.97,31.62400572184052,-6,235.377,301.28,0.8,True
Cleveland,OH,Ohio,Midwest,2026-08-05,All Food At Home,303.65,1,303.65,2026-09-24,2026-08-01,303.65,303.65,2016-01-01,230.695,322.97,31.62400572184052,-6,235.377,301.28,0.8,True
Colorado Springs,CO,Colorado,West,2026-08-05,All Food At Home,339.354,1,339.35,2026-09-24,2026-08-01,339.354,339.35,2016-01-01,249.584,361.9,35.96785050323738,-6.2,263.024,336.67,0.8,True
Columbia,SC,South Carolina,South,2026-08-05,All Food At Home,317.838,1,317.84,2026-09-24,2026-08-01,317.838,317.84,2016-01-01,239.421,337.58,32.75276604809103,-5.8,249.764,319.7,-0.6,True
Columbus,OH,Ohio,Midwest,2026-08-05,All Food At Home,303.65,1,303.65,2026-09-24,2026-08-01,303.65,303.65,2016-01-01,230.695,322.97,31.62400572184052,-6,235.377,301.28,0.8,True
Dallas-Fort Worth-Arlington,TX,Texas,South,2026-08-05,All Food At Home,317.838,1,317.84,2026-09-24,2026-08-01,317.838,317.84,2016-01-01,239.421,337.58,32.75276604809103,-5.8,249.764,319.7,-0.6,True
Dayton-Kettering-Beavercreek,OH,Ohio,Midwest,2026-08-05,All Food At Home,303.65,1,303.65,2026-09-24,2026-08-01,303.65,303.65,2016-01-01,230.695,322.97,31.62400572184052,-6,235.377,301.28,0.8,True
Deltona-Daytona Beach-Ormond Beach,FL,Florida,South,2026-08-05,All Food At Home,317.838,1,317.84,2026-09-24,2026-08-01,317.838,317.84,2016-01-01,239.421,337.58,32.75276604809103,-5.8,249.764,319.7,-0.6,True
Denver-Aurora-Centennial,CO,Colorado,West,2026-08-05,All Food At Home,339.354,1,339.35,2026-09-24,2026-08-01,339.354,339.35,2016-01-01,249.584,361.9,35.96785050323738,-6.2,263.024,336.67,0.8,True
Des Moines-West Des Moines,IA,Iowa,Midwest,2026-08-05,All Food At Home,303.65,1,303.65,2026-09-24,2026-08-01,303.65,303.65,2016-01-01,230.695,322.97,31.62400572184052,-6,235.377,301.28,0.8,True
Detroit-Warren-Dearborn,MI,Michigan,Midwest,2026-08-05,All Food At Home,303.65,1,303.65,2026-09-24,2026-08-01,303.65,303.65,2016-01-01,230.695,322.97,31.62400572184052,-6,235.377,301.28,0.8,True
Durham-Chapel Hill,NC,North Carolina,South,2026-08-05,All Food At Home,317.838,1,317.84,2026-09-24,2026-08-01,317.838,317.84,2016-01-01,239.421,337.58,32.75276604809103,-5.8,249.764,319.7,-0.6,True
El Paso,TX,Texas,South,2026-08-05,All Food At Home,317.838,1,317.84,2026-09-24,2026-08-01,317.838,317.84,2016-01-01,239.421,337.58,32.75276604809103,-5.8,249.764,319.7,-0.6,True
Fresno,CA,California,West,2026-08-05,All Food At Home,339.354,1,339.35,2026-09-24,2026-08-01,339.354,339.35,2016-01-01,249.584,361.9,35.96785050323738,-6.2,263.024,336.67,0.8,True
Grand Rapids-Wyoming-Kentwood,MI,Michigan,Midwest,2026-08-05,All Food At Home,303.65,1,303.65,2026-09-24,2026-08-01,303.65,303.65,2016-01-01,230.695,322.97,31.62400572184052,-6,235.377,301.28,0.8,True
Greensboro-High Point,NC,North Carolina,South,2026-08-05,All Food At Home,317.838,1,317.84,2026-09-24,2026-08-01,317.838,317.84,2016-01-01,239.421,337.58,32.75276604809103,-5.8,249.764,319.7,-0.6,True
Greenville-Anderson-Greer,SC,South Carolina,South,2026-08-05,All Food At Home,317.838,1,317.84,2026-09-24,2026-08-01,317.838,317.84,2016-01-01,239.421,337.58,32.75276604809103,-5.8,249.764,319.7,-0.6,True
Harrisburg-Carlisle,PA,Pennsylvania,Northeast,2026-08-05,All Food At Home,325.097,1,325.1,2026-09-24,2026-08-01,325.097,325.1,2016-01-01,249.096,346.24,30.510726788065632,-6.1,260.725,331.12,-1.8,True
Hartford-West Hartford-East Hartford,CT,Connecticut,Northeast,2026-08-05,All Food At Home,325.097,1,325.1,2026-09-24,2026-08-01,325.097,325.1,2016-01-01,249.096,346.24,30.510726788065632,-6.1,260.725,331.12,-1.8,True
Houston-Pasadena-The Woodlands,TX,Texas,South,2026-08-05,All Food At Home,317.838,1,317.84,2026-09-24,2026-08-01,317.838,317.84,2016-01-01,239.421,337.58,32.75276604809103,-5.8,249.764,319.7,-0.6,True
Indianapolis-Carmel-Greenwood,IN,Indiana,Midwest,2026-08-05,All Food At Home,303.65,1,303.65,2026-09-24,2026-08-01,303.65,303.65,2016-01-01,230.695,322.97,31.62400572184052,-6,235.377,301.28,0.8,True
Jackson,MS,Mississippi,South,2026-08-05,All Food At Home,317.838,1,317.84,2026-09-24,2026-08-01,317.838,317.84,2016-01-01,239.421,337.58,32.75276604809103,-5.8,249.764,319.7,-0.6,True
Jacksonville,FL,Florida,South,2026-08-05,All Food At Home,317.838,1,317.84,2026-09-24,2026-08-01,317.838,317.84,2016-01-01,239.421,337.58,32.75276604809103,-5.8,249.764,319.7,-0.6,True
Kansas City,MO,Missouri,Midwest,2026-08-05,All Food At Home,303.65,1,303.65,2026-09-24,2026-08-01,303.65,303.65,2016-01-01,230.695,322.97,31.62400572184052,-6,235.377,301.28,0.8,True
Kiryas Joel-Poughkeepsie-Newburgh,NY,New York,Northeast,2026-08-05,All Food At Home,325.097,1,325.1,2026-09-24,2026-08-01,325.097,325.1,2016-01-01,249.096,346.24,30.510726788065632,-6.1,260.725,331.12,-1.8,True
Knoxville,TN,Tennessee,South,2026-08-05,All Food At Home,317.838,1,317.84,2026-09-24,2026-08-01,317.838,317.84,2016-01-01,239.421,337.58,32.75276604809103,-5.8,249.764,319.7,-0.6,True
Lakeland-Winter Haven,FL,Florida,South,2026-08-05,All Food At Home,317.838,1,317.84,2026-09-24,2026-08-01,317.838,317.84,2016-01-01,239.421,337.58,32.75276604809103,-5.8,249.764,319.7,-0.6,True
Las Vegas-Henderson-North Las Vegas,NV,Nevada,West,2026-08-05,All Food At Home,339.354,1,339.35,2026-09-24,2026-08-01,339.354,339.35,2016-01-01,249.584,361.9,35.96785050323738,-6.2,263.024,336.67,0.8,True
Little Rock-North Little Rock-Conway,AR,Arkansas,South,2026-08-05,All Food At Home,317.838,1,317.84,2026-09-24,2026-08-01,317.838,317.84,2016-01-01,239.421,337.58,32.75276604809103,-5.8,249.764,319.7,-0.6,True
Los Angeles-Long Beach-Anaheim,CA,California,West,2026-08-05,All Food At Home,339.354,1,339.35,2026-09-24,2026-08-01,339.354,339.35,2016-01-01,249.584,361.9,35.96785050323738,-6.2,263.024,336.67,0.8,True
Louisville/Jefferson County,KY,Kentucky,South,2026-08-05,All Food At Home,317.838,1,317.84,2026-09-24,2026-08-01,317.838,317.84,2016-01-01,239.421,337.58,32.75276604809103,-5.8,249.764,319.7,-0.6,True
Madison,WI,Wisconsin,Midwest,2026-08-05,All Food At Home,303.65,1,303.65,2026-09-24,2026-08-01,303.65,303.65,2016-01-01,230.695,322.97,31.62400572184052,-6,235.377,301.28,0.8,True
McAllen-Edinburg-Mission,TX,Texas,South,2026-08-05,All Food At Home,317.838,1,317.84,2026-09-24,2026-08-01,317.838,317.84,2016-01-01,239.421,337.58,32.75276604809103,-5.8,249.764,319.7,-0.6,True
Memphis,TN,Tennessee,South,2026-08-05,All Food At Home,317.838,1,317.84,2026-09-24,2026-08-01,317.838,317.84,2016-01-01,239.421,337.58,32.75276604809103,-5.8,249.764,319.7,-0.6,True
Miami-Fort Lauderdale-West Palm Beach,FL,Florida,South,2026-08-05,All Food At Home,317.838,1,317.84,2026-09-24,2026-08-01,317.838,317.84,2016-01-01,239.421,337.58,32.75276604809103,-5.8,249.764,319.7,-0.6,True
Milwaukee-Waukesha,WI,Wisconsin,Midwest,2026-08-05,All Food At Home,303.65,1,303.65,2026-09-24,2026-08-01,303.65,303.65,2016-01-01,230.695,322.97,31.62400572184052,-6,235.377,301.28,0.8,True
Minneapolis-St. Paul-Bloomington,MN,Minnesota,Midwest,2026-08-05,All Food At Home,303.65,1,303.65,2026-09-24,2026-08-01,303.65,303.65,2016-01-01,230.695,322.97,31.62400572184052,-6,235.377,301.28,0.8,True
Nashville-Davidson--Murfreesboro--Franklin,TN,Tennessee,South,2026-08-05,All Food At Home,317.838,1,317.84,2026-09-24,2026-08-01,317.838,317.84,2016-01-01,239.421,337.58,32.75276604809103,-5.8,249.764,319.7,-0.6,True
New Haven,CT,Connecticut,Northeast,2026-08-05,All Food At Home,325.097,1,325.1,2026-09-24,2026-08-01,325.097,325.1,2016-01-01,249.096,346.24,30.510726788065632,-6.1,260.725,331.12,-1.8,True
New Orleans-Metairie,LA,Louisiana,South,2026-08-05,All Food At Home,317.838,1,317.84,2026-09-24,2026-08-01,317.838,317.84,2016-01-01,239.421,337.58,32.75276604809103,-5.8,249.764,319.7,-0.6,True
New York-Newark-Jersey City,NY,New York,Northeast,2026-08-05,All Food At Home,325.097,1,325.1,2026-09-24,2026-08-01,325.097,325.1,2016-01-01,249.096,346.24,30.510726788065632,-6.1,260.725,331.12,-1.8,True
North Port-Bradenton-Sarasota,FL,Florida,South,2026-08-05,All Food At Home,317.838,1,317.84,2026-09-24,2026-08-01,317.838,317.84,2016-01-01,239.421,337.58,32.75276604809103,-5.8,249.764,319.7,-0.6,True
Ogden,UT,Utah,West,2026-08-05,All Food At Home,339.354,1,339.35,2026-09-24,2026-08-01,339.354,339.35,2016-01-01,249.584,361.9,35.96785050323738,-6.2,263.024,336.67,0.8,True
Oklahoma City,OK,Oklahoma,South,2026-08-05,All Food At Home,317.838,1,317.84,2026-09-24,2026-08-01,317.838,317.84,2016-01-01,239.421,337.58,32.75276604809103,-5.8,249.764,319.7,-0.6,True
Omaha,NE,Nebraska,Midwest,2026-08-05,All Food At Home,303.65,1,303.65,2026-09-24,2026-08-01,303.65,303.65,2016-01-01,230.695,322.97,31.62400572184052,-6,235.377,301.28,0.8,True
Orlando-Kissimmee-Sanford,FL,Florida,South,2026-08-05,All Food At Home,317.838,1,317.84,2026-09-24,2026-08-01,317.838,317.84,2016-01-01,239.421,337.58,32.75276604809103,-5.8,249.764,319.7,-0.6,True
Oxnard-Thousand Oaks-Ventura,CA,California,West,2026-08-05,All Food At Home,339.354,1,339.35,2026-09-24,2026-08-01,339.354,339.35,2016-01-01,249.584,361.9,35.96785050323738,-6.2,263.024,336.67,0.8,True
Palm Bay-Melbourne-Titusville,FL,Florida,South,2026-08-05,All Food At Home,317.838,1,317.84,2026-09-24,2026-08-01,317.838,317.84,2016-01-01,239.421,337.58,32.75276604809103,-5.8,249.764,319.7,-0.6,True
Philadelphia-Camden-Wilmington,PA,Pennsylvania,Northeast,2026-08-05,All Food At Home,325.097,1,325.1,2026-09-24,2026-08-01,325.097,325.1,2016-01-01,249.096,346.24,30.510726788065632,-6.1,260.725,331.12,-1.8,True
Phoenix-Mesa-Chandler,AZ,Arizona,West,2026-08-05,All Food At Home,339.354,1,339.35,2026-09-24,2026-08-01,339.354,339.35,2016-01-01,249.584,361.9,35.96785050323738,-6.2,263.024,336.67,0.8,True
Pittsburgh,PA,Pennsylvania,Northeast,2026-08-05,All Food At Home,325.097,1,325.1,2026-09-24,2026-08-01,325.097,325.1,2016-01-01,249.096,346.24,30.510726788065632,-6.1,260.725,331.12,-1.8,True
Portland-Vancouver-Hillsboro,OR,Oregon,West,2026-08-05,All Food At Home,339.354,1,339.35,2026-09-24,2026-08-01,339.354,339.35,2016-01-01,249.584,361.9,35.96785050323738,-6.2,263.024,336.67,0.8,True
Providence-Warwick,RI,Rhode Island,Northeast,2026-08-05,All Food At Home,325.097,1,325.1,2026-09-24,2026-08-01,325.097,325.1,2016-01-01,249.096,346.24,30.510726788065632,-6.1,260.725,331.12,-1.8,True
Provo-Orem-Lehi,UT,Utah,West,2026-08-05,All Food At Home,339.354,1,339.35,2026-09-24,2026-08-01,339.354,339.35,2016-01-01,249.584,361.9,35.96785050323738,-6.2,263.024,336.67,0.8,True
Raleigh-Cary,NC,North Carolina,South,2026-08-05,All Food At Home,317.838,1,317.84,2026-09-24,2026-08-01,317.838,317.84,2016-01-01,239.421,337.58,32.75276604809103,-5.8,249.764,319.7,-0.6,True
Richmond,VA,Virginia,South,2026-08-05,All Food At Home,317.838,1,317.84,2026-09-24,2026-08-01,317.838,317.84,2016-01-01,239.421,337.58,32.75276604809103,-5.8,249.764,319.7,-0.6,True
Riverside-San Bernardino-Ontario,CA,California,West,2026-08-05,All Food At Home,339.354,1,339.35,2026-09-24,2026-08-01,339.354,339.35,2016-01-01,249.584,361.9,35.96785050323738,-6.2,263.024,336.67,0.8,True
Rochester,NY,New York,Northeast,2026-08-05,All Food At Home,325.097,1,325.1,2026-09-24,2026-08-01,325.097,325.1,2016-01-01,249.096,346.24,30.510726788065632,-6.1,260.725,331.12,-1.8,True
Sacramento-Roseville-Folsom,CA,California,West,2026-08-05,All Food At Home,339.354,1,339.35,2026-09-24,2026-08-01,339.354,339.35,2016-01-01,249.584,361.9,35.96785050323738,-6.2,263.024,336.67,0.8,True
Salt Lake City-Murray,UT,Utah,West,2026-08-05,All Food At Home,339.354,1,339.35,2026-09-24,2026-08-01,339.354,339.35,2016-01-01,249.584,361.9,35.96785050323738,-6.2,263.024,336.67,0.8,True
San Antonio-New Braunfels,TX,Texas,South,2026-08-05,All Food At Home,317.838,1,317.84,2026-09-24,2026-08-01,317.838,317.84,2016-01-01,239.421,337.58,32.75276604809103,-5.8,249.764,319.7,-0.6,True
San Diego-Chula Vista-Carlsbad,CA,California,West,2026-08-05,All Food At Home,339.354,1,339.35,2026-09-24,2026-08-01,339.354,339.35,2016-01-01,249.584,361.9,35.96785050323738,-6.2,263.024,336.67,0.8,True
San Francisco-Oakland-Fremont,CA,California,West,2026-08-05,All Food At Home,339.354,1,339.35,2026-09-24,2026-08-01,339.354,339.35,2016-01-01,249.584,361.9,35.96785050323738,-6.2,263.024,336.67,0.8,True
San Jose-Sunnyvale-Santa Clara,CA,California,West,2026-08-05,All Food At Home,339.354,1,339.35,2026-09-24,2026-08-01,339.354,339.35,2016-01-01,249.584,361.9,35.96785050323738,-6.2,263.024,336.67,0.8,True
Scranton--Wilkes-Barre,PA,Pennsylvania,Northeast,2026-08-05,All Food At Home,325.097,1,325.1,2026-09-24,2026-08-01,325.097,325.1,2016-01-01,249.096,346.24,30.510726788065632,-6.1,260.725,331.12,-1.8,True
Seattle-Tacoma-Bellevue,WA,Washington,West,2026-08-05,All Food At Home,339.354,1,339.35,2026-09-24,2026-08-01,339.354,339.35,2016-01-01,249.584,361.9,35.96785050323738,-6.2,263.024,336.67,0.8,True
Spokane-Spokane Valley,WA,Washington,West,2026-08-05,All Food At Home,339.354,1,339.35,2026-09-24,2026-08-01,339.354,339.35,2016-01-01,249.584,361.9,35.96785050323738,-6.2,263.024,336.67,0.8,True
St. Louis,MO,Missouri,Midwest,2026-08-05,All Food At Home,303.65,1,303.65,2026-09-24,2026-08-01,303.65,303.65,2016-01-01,230.695,322.97,31.62400572184052,-6,235.377,301.28,0.8,True
Stockton-Lodi,CA,California,West,2026-08-05,All Food At Home,339.354,1,339.35,2026-09-24,2026-08-01,339.354,339.35,2016-01-01,249.584,361.9,35.96785050323738,-6.2,263.024,336.67,0.8,True
Syracuse,NY,New York,Northeast,2026-08-05,All Food At Home,325.097,1,325.1,2026-09-24,2026-08-01,325.097,325.1,2016-01-01,249.096,346.24,30.510726788065632,-6.1,260.725,331.12,-1.8,True
Tampa-St. Petersburg-Clearwater,FL,Florida,South,2026-08-05,All Food At Home,317.838,1,317.84,2026-09-24,2026-08-01,317.838,317.84,2016-01-01,239.421,337.58,32.75276604809103,-5.8,249.764,319.7,-0.6,True
Toledo,OH,Ohio,Midwest,2026-08-05,All Food At Home,303.65,1,303.65,2026-09-24,2026-08-01,303.65,303.65,2016-01-01,230.695,322.97,31.62400572184052,-6,235.377,301.28,0.8,True
Tucson,AZ,Arizona,West,2026-08-05,All Food At Home,339.354,1,339.35,2026-09-24,2026-08-01,339.354,339.35,2016-01-01,249.584,361.9,35.96785050323738,-6.2,263.024,336.67,0.8,True
Tulsa,OK,Oklahoma,South,2026-08-05,All Food At Home,317.838,1,317.84,2026-09-24,2026-08-01,317.838,317.84,2016-01-01,239.421,337.58,32.75276604809103,-5.8,249.764,319.7,-0.6,True
United States,US,United States,United States,2026-08-05,All Food At Home,321.5,1,321.5,2026-09-24,2026-08-01,321.5,321.5,2016-01-01,242.017,341.24,32.8419077998653,-5.8,252.107,322.7,-0.4,True
Urban Honolulu,HI,Hawaii,West,2026-08-05,All Food At Home,339.354,1,339.35,2026-09-24,2026-08-01,339.354,339.35,2016-01-01,249.584,361.9,35.96785050323738,-6.2,263.024,336.67,0.8,True
Virginia Beach-Chesapeake-Norfolk,VA,Virginia,South,2026-08-05,All Food At Home,317.838,1,317.84,2026-09-24,2026-08-01,317.838,317.84,2016-01-01,239.421,337.58,32.75276604809103,-5.8,249.764,319.7,-0.6,True
Washington-Arlington-Alexandria,DC,"Washington, D.C.",South,2026-08-05,All Food At Home,317.838,1,317.84,2026-09-24,2026-08-01,317.838,317.84,2016-01-01,239.421,337.58,32.75276604809103,-5.8,249.764,319.7,-0.6,True
Wichita,KS,Kansas,Midwest,2026-08-05,All Food At Home,303.65,1,303.65,2026-09-24,2026-08-01,303.65,303.65,2016-01-01,230.695,322.97,31.62400572184052,-6,235.377,301.28,0.8,True
Winston-Salem,NC,North Carolina,South,2026-08-05,All Food At Home,317.838,1,317.84,2026-09-24,2026-08-01,317.838,317.84,2016-01-01,239.421,337.58,32.75276604809103,-5.8,249.764,319.7,-0.6,True
Worcester,MA,Massachusetts,Northeast,2026-08-05,All Food At Home,325.097,1,325.1,2026-09-24,2026-08-01,325.097,325.1,2016-01-01,249.096,346.24,30.510726788065632,-6.1,260.725,331.12,-1.8,True
